{
  "project_info": {
    "project_number": "585144335761",
    "firebase_url": "https://realtime-dc042.firebaseio.com",
    "project_id": "realtime-dc042",
    "storage_bucket": "realtime-dc042.appspot.com"
  },
  "client": [
    {
      "client_info": {
        "mobilesdk_app_id": "1:585144335761:android:8e5901e40fd2199cceae30",
        "android_client_info": {
          "package_name": "com.example.diary"
        }
      },
      "oauth_client": [
        {
          "client_id": "585144335761-2qtj6mcnlpvfp141ga8n2i8s2rq3buj8.apps.googleusercontent.com",
          "client_type": 3
        }
      ],
      "api_key": [
        {
          "current_key": "AIzaSyAwzy-KoQuAKxiUExS9FKqv2sUHKjFRBvM"
        }
      ],
      "services": {
        "appinvite_service": {
          "other_platform_oauth_client": [
            {
              "client_id": "585144335761-2qtj6mcnlpvfp141ga8n2i8s2rq3buj8.apps.googleusercontent.com",
              "client_type": 3
            }
          ]
        }
      }
    }
  ],
  "configuration_version": "1"
}